{
  "timestamp": "1771845208631",
  "version": "1.0.0",
  "prng": "ChaCha8Rng",
  "n_runs_per_scenario": 1,
  "summary": {
    "total": 1,
    "passed": 1,
    "failed": 0,
    "pass_rate": 1.0
  },
  "whitepaper_validation": {
    "bank_run_no_fail": true,
    "peg_elasticity_95pct": true,
    "incentive_ratio_500pct": true,
    "demurrage_decay_to_zero": true,
    "route_healing_zero_loss": true,
    "max_normalized_conservation": 1.653866162355497e-14
  },
  "scenarios": [
    {
      "scenario_name": "NORMAL_MARKET",
      "label": "Normal Market",
      "category": "market",
      "n_runs": 1,
      "pass_rate": 1.0,
      "conservation_error": {
        "mean": 2.3096799850463867e-7,
        "std_dev": 0.0,
        "ci_lower": 2.3096799850463867e-7,
        "ci_upper": 2.3096799850463867e-7,
        "min": 2.3096799850463867e-7,
        "max": 2.3096799850463867e-7,
        "n": 1
      },
      "normalized_conservation_error": {
        "mean": 1.653866162355497e-14,
        "std_dev": 0.0,
        "ci_lower": 1.653866162355497e-14,
        "ci_upper": 1.653866162355497e-14,
        "min": 1.653866162355497e-14,
        "max": 1.653866162355497e-14,
        "n": 1
      },
      "settlement_rate": {
        "mean": 76.17977528089888,
        "std_dev": 0.0,
        "ci_lower": 76.17977528089888,
        "ci_upper": 76.17977528089888,
        "min": 76.17977528089888,
        "max": 76.17977528089888,
        "n": 1
      },
      "peg_elasticity_pct": {
        "mean": 100.0,
        "std_dev": 0.0,
        "ci_lower": 100.0,
        "ci_upper": 100.0,
        "min": 100.0,
        "max": 100.0,
        "n": 1
      },
      "egress_profit": {
        "mean": 0.5900503367622977,
        "std_dev": 0.0,
        "ci_lower": 0.5900503367622977,
        "ci_upper": 0.5900503367622977,
        "min": 0.5900503367622977,
        "max": 0.5900503367622977,
        "n": 1
      },
      "transit_profit": {
        "mean": 0.010038202993197218,
        "std_dev": 0.0,
        "ci_lower": 0.010038202993197218,
        "ci_upper": 0.010038202993197218,
        "min": 0.010038202993197218,
        "max": 0.010038202993197218,
        "n": 1
      },
      "demurrage_total": {
        "mean": 10156289.78731816,
        "std_dev": 0.0,
        "ci_lower": 10156289.78731816,
        "ci_upper": 10156289.78731816,
        "min": 10156289.78731816,
        "max": 10156289.78731816,
        "n": 1
      },
      "held_count": {
        "mean": 160.0,
        "std_dev": 0.0,
        "ci_lower": 160.0,
        "ci_upper": 160.0,
        "min": 160.0,
        "max": 160.0,
        "n": 1
      },
      "elapsed_ms": {
        "mean": 18.0,
        "std_dev": 0.0,
        "ci_lower": 18.0,
        "ci_upper": 18.0,
        "min": 18.0,
        "max": 18.0,
        "n": 1
      },
      "throughput_per_sec": {
        "mean": 31591.89505720055,
        "std_dev": 0.0,
        "ci_lower": 31591.89505720055,
        "ci_upper": 31591.89505720055,
        "min": 31591.89505720055,
        "max": 31591.89505720055,
        "n": 1
      },
      "packets_per_tick": {
        "mean": 1.4833333333333334,
        "std_dev": 0.0,
        "ci_lower": 1.4833333333333334,
        "ci_upper": 1.4833333333333334,
        "min": 1.4833333333333334,
        "max": 1.4833333333333334,
        "n": 1
      },
      "individual_runs": [
        {
          "scenario": "Normal Market",
          "name": "NORMAL_MARKET",
          "category": "market",
          "seed": 0,
          "pass": true,
          "settlement_count": 678,
          "revert_count": 52,
          "spawn_count": 890,
          "settlement_rate": 76.17977528089888,
          "conservation_error": 2.3096799850463867e-7,
          "normalized_conservation_error": 1.653866162355497e-14,
          "avg_fee": 0.08038095238095239,
          "peak_fee": 0.15071428571484377,
          "dissolved_count": 0,
          "held_count": 160,
          "fee_cap_breaches": 0,
          "settlement_finality": true,
          "cost_certainty": true,
          "audit_trail": true,
          "tier_breakdown": [
            44,
            52,
            42,
            22
          ],
          "ticks": 600,
          "elapsed_ms": 18,
          "packets_per_tick": 1.4833333333333334,
          "demand_scale_factor": 1.0,
          "egress_profit_total": 0.5900503367622977,
          "transit_profit_total": 0.010038202993197218,
          "demurrage_total": 10156289.78731816,
          "conservation_holds": true,
          "final_held_count": 160,
          "final_orbit_count": 160,
          "throughput_per_sec": 31591.89505720055,
          "peg_elasticity_pct": 100.0,
          "max_normalized_conservation": 1.653866162355497e-14
        }
      ]
    }
  ]
}