{
  "timestamp": "1771845543663",
  "version": "1.0.0",
  "prng": "ChaCha8Rng",
  "n_runs_per_scenario": 1,
  "summary": {
    "total": 1,
    "passed": 1,
    "failed": 0,
    "pass_rate": 1.0
  },
  "whitepaper_validation": {
    "bank_run_no_fail": true,
    "peg_elasticity_95pct": true,
    "incentive_ratio_500pct": false,
    "demurrage_decay_to_zero": true,
    "route_healing_zero_loss": true,
    "max_normalized_conservation": 5.482577461358661e-13
  },
  "scenarios": [
    {
      "scenario_name": "WP_INCENTIVE_DROUGHT",
      "label": "WP: Incentive Drought",
      "category": "whitepaper",
      "n_runs": 1,
      "pass_rate": 1.0,
      "conservation_error": {
        "mean": 0.0001379847526550293,
        "std_dev": 0.0,
        "ci_lower": 0.0001379847526550293,
        "ci_upper": 0.0001379847526550293,
        "min": 0.0001379847526550293,
        "max": 0.0001379847526550293,
        "n": 1
      },
      "normalized_conservation_error": {
        "mean": 5.482577461358661e-13,
        "std_dev": 0.0,
        "ci_lower": 5.482577461358661e-13,
        "ci_upper": 5.482577461358661e-13,
        "min": 5.482577461358661e-13,
        "max": 5.482577461358661e-13,
        "n": 1
      },
      "settlement_rate": {
        "mean": 37.029327129125086,
        "std_dev": 0.0,
        "ci_lower": 37.029327129125086,
        "ci_upper": 37.029327129125086,
        "min": 37.029327129125086,
        "max": 37.029327129125086,
        "n": 1
      },
      "peg_elasticity_pct": {
        "mean": 100.0,
        "std_dev": 0.0,
        "ci_lower": 100.0,
        "ci_upper": 100.0,
        "min": 100.0,
        "max": 100.0,
        "n": 1
      },
      "egress_profit": {
        "mean": 8.073731958943188,
        "std_dev": 0.0,
        "ci_lower": 8.073731958943188,
        "ci_upper": 8.073731958943188,
        "min": 8.073731958943188,
        "max": 8.073731958943188,
        "n": 1
      },
      "transit_profit": {
        "mean": 0.14067975702696656,
        "std_dev": 0.0,
        "ci_lower": 0.14067975702696656,
        "ci_upper": 0.14067975702696656,
        "min": 0.14067975702696656,
        "max": 0.14067975702696656,
        "n": 1
      },
      "demurrage_total": {
        "mean": 196798810.72909528,
        "std_dev": 0.0,
        "ci_lower": 196798810.72909528,
        "ci_upper": 196798810.72909528,
        "min": 196798810.72909528,
        "max": 196798810.72909528,
        "n": 1
      },
      "held_count": {
        "mean": 2076.0,
        "std_dev": 0.0,
        "ci_lower": 2076.0,
        "ci_upper": 2076.0,
        "min": 2076.0,
        "max": 2076.0,
        "n": 1
      },
      "elapsed_ms": {
        "mean": 468.0,
        "std_dev": 0.0,
        "ci_lower": 468.0,
        "ci_upper": 468.0,
        "min": 468.0,
        "max": 468.0,
        "n": 1
      },
      "throughput_per_sec": {
        "mean": 4272.244052795965,
        "std_dev": 0.0,
        "ci_lower": 4272.244052795965,
        "ci_upper": 4272.244052795965,
        "min": 4272.244052795965,
        "max": 4272.244052795965,
        "n": 1
      },
      "packets_per_tick": {
        "mean": 8.1665,
        "std_dev": 0.0,
        "ci_lower": 8.1665,
        "ci_upper": 8.1665,
        "min": 8.1665,
        "max": 8.1665,
        "n": 1
      },
      "individual_runs": [
        {
          "scenario": "WP: Incentive Drought",
          "name": "WP_INCENTIVE_DROUGHT",
          "category": "whitepaper",
          "seed": 0,
          "pass": true,
          "settlement_count": 6048,
          "revert_count": 8209,
          "spawn_count": 16333,
          "settlement_rate": 37.029327129125086,
          "conservation_error": 0.0001379847526550293,
          "normalized_conservation_error": 5.482577461358661e-13,
          "avg_fee": 0.2352,
          "peak_fee": 0.2352,
          "dissolved_count": 0,
          "held_count": 2076,
          "fee_cap_breaches": 0,
          "settlement_finality": true,
          "cost_certainty": true,
          "audit_trail": true,
          "tier_breakdown": [
            258,
            480,
            991,
            347
          ],
          "ticks": 2000,
          "elapsed_ms": 468,
          "packets_per_tick": 8.1665,
          "demand_scale_factor": 2.041241452319315,
          "egress_profit_total": 8.073731958943188,
          "transit_profit_total": 0.14067975702696656,
          "demurrage_total": 196798810.72909528,
          "conservation_holds": true,
          "final_held_count": 2076,
          "final_orbit_count": 2076,
          "throughput_per_sec": 4272.244052795965,
          "peg_elasticity_pct": 100.0,
          "max_normalized_conservation": 5.482577461358661e-13
        }
      ]
    }
  ]
}