{
  "timestamp": "1771845197034",
  "version": "1.0.0",
  "prng": "ChaCha8Rng",
  "n_runs_per_scenario": 1,
  "summary": {
    "total": 1,
    "passed": 1,
    "failed": 0,
    "pass_rate": 1.0
  },
  "whitepaper_validation": {
    "bank_run_no_fail": true,
    "peg_elasticity_95pct": true,
    "incentive_ratio_500pct": true,
    "demurrage_decay_to_zero": true,
    "route_healing_zero_loss": true,
    "max_normalized_conservation": 6.535438867372528e-15
  },
  "scenarios": [
    {
      "scenario_name": "NORMAL_MARKET",
      "label": "Normal Market",
      "category": "market",
      "n_runs": 1,
      "pass_rate": 1.0,
      "conservation_error": {
        "mean": 9.12696123123169e-8,
        "std_dev": 0.0,
        "ci_lower": 9.12696123123169e-8,
        "ci_upper": 9.12696123123169e-8,
        "min": 9.12696123123169e-8,
        "max": 9.12696123123169e-8,
        "n": 1
      },
      "normalized_conservation_error": {
        "mean": 6.535438867372528e-15,
        "std_dev": 0.0,
        "ci_lower": 6.535438867372528e-15,
        "ci_upper": 6.535438867372528e-15,
        "min": 6.535438867372528e-15,
        "max": 6.535438867372528e-15,
        "n": 1
      },
      "settlement_rate": {
        "mean": 77.41573033707864,
        "std_dev": 0.0,
        "ci_lower": 77.41573033707864,
        "ci_upper": 77.41573033707864,
        "min": 77.41573033707864,
        "max": 77.41573033707864,
        "n": 1
      },
      "peg_elasticity_pct": {
        "mean": 100.0,
        "std_dev": 0.0,
        "ci_lower": 100.0,
        "ci_upper": 100.0,
        "min": 100.0,
        "max": 100.0,
        "n": 1
      },
      "egress_profit": {
        "mean": 0.6107979880152813,
        "std_dev": 0.0,
        "ci_lower": 0.6107979880152813,
        "ci_upper": 0.6107979880152813,
        "min": 0.6107979880152813,
        "max": 0.6107979880152813,
        "n": 1
      },
      "transit_profit": {
        "mean": 0.012697151038932984,
        "std_dev": 0.0,
        "ci_lower": 0.012697151038932984,
        "ci_upper": 0.012697151038932984,
        "min": 0.012697151038932984,
        "max": 0.012697151038932984,
        "n": 1
      },
      "demurrage_total": {
        "mean": 10155569.128542116,
        "std_dev": 0.0,
        "ci_lower": 10155569.128542116,
        "ci_upper": 10155569.128542116,
        "min": 10155569.128542116,
        "max": 10155569.128542116,
        "n": 1
      },
      "held_count": {
        "mean": 162.0,
        "std_dev": 0.0,
        "ci_lower": 162.0,
        "ci_upper": 162.0,
        "min": 162.0,
        "max": 162.0,
        "n": 1
      },
      "elapsed_ms": {
        "mean": 20.0,
        "std_dev": 0.0,
        "ci_lower": 20.0,
        "ci_upper": 20.0,
        "min": 20.0,
        "max": 20.0,
        "n": 1
      },
      "throughput_per_sec": {
        "mean": 29890.570620956678,
        "std_dev": 0.0,
        "ci_lower": 29890.570620956678,
        "ci_upper": 29890.570620956678,
        "min": 29890.570620956678,
        "max": 29890.570620956678,
        "n": 1
      },
      "packets_per_tick": {
        "mean": 1.4833333333333334,
        "std_dev": 0.0,
        "ci_lower": 1.4833333333333334,
        "ci_upper": 1.4833333333333334,
        "min": 1.4833333333333334,
        "max": 1.4833333333333334,
        "n": 1
      },
      "individual_runs": [
        {
          "scenario": "Normal Market",
          "name": "NORMAL_MARKET",
          "category": "market",
          "seed": 0,
          "pass": true,
          "settlement_count": 689,
          "revert_count": 39,
          "spawn_count": 890,
          "settlement_rate": 77.41573033707864,
          "conservation_error": 9.12696123123169e-8,
          "normalized_conservation_error": 6.535438867372528e-15,
          "avg_fee": 0.08038095238095239,
          "peak_fee": 0.15071428571484377,
          "dissolved_count": 0,
          "held_count": 162,
          "fee_cap_breaches": 0,
          "settlement_finality": true,
          "cost_certainty": true,
          "audit_trail": true,
          "tier_breakdown": [
            44,
            56,
            42,
            20
          ],
          "ticks": 600,
          "elapsed_ms": 20,
          "packets_per_tick": 1.4833333333333334,
          "demand_scale_factor": 1.0,
          "egress_profit_total": 0.6107979880152813,
          "transit_profit_total": 0.012697151038932984,
          "demurrage_total": 10155569.128542116,
          "conservation_holds": true,
          "final_held_count": 162,
          "final_orbit_count": 162,
          "throughput_per_sec": 29890.570620956678,
          "peg_elasticity_pct": 100.0,
          "max_normalized_conservation": 6.535438867372528e-15
        }
      ]
    }
  ]
}